first_name,last_name,job_title,department,email,address,phone_number,salary,password
Bobby,Francis,"Lighting technician, broadcasting/film/video",Communications engineer,nthomas@example.net,Emilyburgh,601.739.7105,48937,MKSejoX4
Jorge,Robbins,Dealer,Architectural technologist,jenniferhayes@example.org,Stewarttown,(349)723-1042x31789,22913,OLgVi3Eu
Angelica,Smith,Hydrologist,Herpetologist,wriggs@example.net,New Cynthiatown,217-680-8051,86855,waIKK516
Alyssa,Johnson,Dentist,"Horticulturist, amenity",debbiecurtis@example.org,Williamsland,869-808-2559,72303,u2J6zebm
Kevin,Payne,Theme park manager,Art gallery manager,efreeman@example.org,Kaylafurt,(393)306-8938x66679,62467,STQhDKpF
Rachel,Johnson,English as a second language teacher,Naval architect,richardjones@example.com,Wandamouth,5923644969,41716,0nBAlfGJ
Shane,Chambers,Chartered public finance accountant,Chief Technology Officer,jeffreylevine@example.net,Mariastad,509.386.4660,34886,JdtNUWGg
Jennifer,Martinez,Oncologist,Quantity surveyor,brian96@example.com,North Douglaston,(295)887-4981,75514,T96m07sU
Brandon,Richardson,"Engineer, civil (consulting)",Public house manager,scott50@example.com,East Mikayla,2257542365,41084,DTclttXB
Robert,Torres,Optometrist,Airline pilot,cassandrawells@example.org,East Scott,+1-930-467-7035x043,71900,6wzxc4fH
Gerald,Rogers,Trade union research officer,"Psychotherapist, dance movement",gonzalezpatrick@example.com,New Tonya,+1-830-747-0045,60430,272cs8gR
Danielle,Johnson,Fine artist,"Solicitor, Scotland",meltonedward@example.net,Suetown,585-420-9152,65219,oSzARuMi
Andrew,Humphrey,Fitness centre manager,"Programmer, applications",mpeterson@example.net,North Kathleen,(914)586-9181x172,40213,7BLJrrVM
Matthew,Hernandez,Tourism officer,Oncologist,skirby@example.org,Timothyhaven,865-569-5856,68454,lbyq2iQA
Andrew,Webb,"Chemist, analytical","Development worker, international aid",regina88@example.org,Markport,330-446-1043,61573,it0gEhBH
Michael,Lee,"Scientist, clinical (histocompatibility and immunogenetics)",Artist,alexandrafreeman@example.com,Lake David,286-267-5281x72816,81831,Dy51EwLV
Kristina,Myers,Manufacturing systems engineer,Radio broadcast assistant,navarromanuel@example.com,Thomaschester,(731)990-2910x0735,32097,FVolMIku
Christina,Fletcher,Fashion designer,Chartered legal executive (England and Wales),barbaraevans@example.net,Hernandezshire,312-603-9149x766,80819,ZTDeUGiv
Denise,White,Secondary school teacher,Electrical engineer,tiffanyroberts@example.org,Lake Markhaven,001-744-949-3096x556,54099,z5uTfgOs
Donna,Green,Art gallery manager,Special educational needs teacher,cartersabrina@example.net,West Joyce,839.383.6973x46728,4143,P6s841Gb
Dana,Scott,Special effects artist,Agricultural consultant,chloesavage@example.net,Port Erikaside,666.569.1803,83760,pY3Cdv6m
Tanya,Hatfield,Land,Research scientist (medical),davidtaylor@example.com,North Stevenfurt,+1-255-984-1509,26507,16HumYuI
Isaac,Watson,Pharmacologist,Biomedical scientist,jessica85@example.org,Karenfurt,342.540.6690x14491,73451,x8mD3yLF
Kara,Berry,Minerals surveyor,Press photographer,shorton@example.net,West Johnborough,001-826-607-5206,84586,48fR8Ody
Ronald,Delacruz,"Administrator, arts","Teacher, primary school",edward85@example.org,Dylanland,(788)891-1802x446,70837,PODuJyle
Christine,Carr,"Scientist, research (life sciences)",Animal technologist,kathleennichols@example.org,West Josephstad,775.402.2801x8521,32752,PcxIdP3x
Kevin,Robertson,"Development worker, community",Advice worker,deborahnguyen@example.org,Jordanton,398.244.2640,96908,F1QMVmWC
Lauren,Nguyen,Outdoor activities/education manager,"Administrator, charities/voluntary organisations",rlong@example.com,North Kyle,6635440685,18882,ifwN2v1P
Gene,Williams,Writer,"Engineer, technical sales",rachel21@example.net,West Marcustown,267.609.3916x9560,87750,6jWegdRP
Leonard,Garrett,"Designer, multimedia",Holiday representative,stevensrachel@example.net,Sarachester,465-824-3031x36226,35441,Vp7eXZbM
Kevin,Higgins,Forensic scientist,Print production planner,youngjoe@example.org,Lake Seanchester,258-531-4196,47380,g3mVZP6G
David,Shannon,"Scientist, marine",Agricultural consultant,johnjohns@example.net,Veronicaborough,834.562.5278x08218,82096,gnotBxsD
Brian,Carter,English as a foreign language teacher,Financial controller,ehuber@example.com,Kimberlyshire,(976)973-6189,19632,2hMiM3Q2
Shelby,Butler,Television floor manager,"Therapist, nutritional",codonnell@example.com,Lisaton,+1-445-926-2421x5696,87053,QKoIa0Us
Christopher,Olson,Meteorologist,"Designer, jewellery",michael76@example.org,Griffithstad,546-702-9442x35856,51403,zPtPVAvD
Elizabeth,Watson,Pensions consultant,Health and safety adviser,loririce@example.net,East Cheryl,001-268-259-4899x9108,4764,6orFling
Timothy,Garcia,Community education officer,"Radiographer, therapeutic",james20@example.org,Frazierfort,380-992-4665,58584,o4xlfeGB
Kendra,Carpenter,Insurance account manager,Chartered certified accountant,rebeccarivera@example.org,East Catherine,8864278241,71179,ESaxjcy0
Kenneth,Cook,Child psychotherapist,Industrial buyer,katelynbryant@example.net,Port Debra,(674)935-2088x5339,5435,AL0FIXOr
Julia,Zimmerman,"Engineer, maintenance (IT)","Surveyor, commercial/residential",zrichards@example.net,Hawkinsview,764.944.3819,70812,9LFfbonc
Randall,Ellis,Location manager,Cabin crew,heather38@example.org,Samanthaborough,+1-956-221-2966,62814,VsaIWxxh
Natalie,Johnson,Community pharmacist,Television production assistant,elizabeth62@example.com,New Charlesside,902-881-5276x4449,68320,sIJ4sWwy
Carmen,Hopkins,Contracting civil engineer,Communications engineer,coleavery@example.net,South Matthew,969-705-6697,47744,tUuIsopM
Kyle,Mcdonald,Midwife,Television/film/video producer,carrollmiranda@example.org,South Richard,001-871-741-4086x764,38210,CG1lr5M4
Miguel,Gomez,Graphic designer,Public relations officer,brad98@example.net,Joanntown,001-216-637-2558x3929,21984,IS7AEYeI
Daniel,Cole,Historic buildings inspector/conservation officer,Astronomer,laura15@example.com,Port Christopher,355.748.9567x488,40354,P8mVsQsu
Kathy,Hernandez,Agricultural engineer,Holiday representative,cheryl19@example.com,West Amberville,202.390.9920,84682,gfBFZYHt
Adam,Jones,Warehouse manager,Further education lecturer,millermelissa@example.com,Lake David,(339)677-9034,9517,0naeIjX2
Logan,Andrews,Tour manager,Trading standards officer,ivaughn@example.org,Garciahaven,+1-719-227-0848x09952,46497,xqqAamOL
Teresa,Chavez,Counsellor,Tax adviser,patricia57@example.org,Edwardschester,+1-540-513-3160,82069,2UOJwCeA
Sheila,Barnes,Mudlogger,Economist,robert57@example.org,Danielside,223-585-0065x310,71159,yIl7DISH
Johnny,Young,Medical sales representative,Pensions consultant,katherineburns@example.net,Virginiaport,210-368-5637x44718,42580,qlmtOX5d
Harold,Wilson,Publishing rights manager,Trade mark attorney,sroberts@example.net,Villanuevafort,519-803-6584x432,2969,B2E6O7PW
Morgan,Aguirre,Mental health nurse,Ceramics designer,rsantana@example.org,South Eric,567-345-9967x147,67306,gXTu1mVS
Douglas,Avery,Television/film/video producer,"Producer, television/film/video",amywarren@example.org,Lake Crystal,784-950-6253,1112,AJtWn9lr
Candace,Martinez,Radiation protection practitioner,Conference centre manager,victoria52@example.org,New Johnfort,+1-710-318-5003x27853,12698,gMklzwp9
Mario,Schneider,IT sales professional,"Radiographer, diagnostic",christophernelson@example.org,Nicoleside,569.828.7012x86778,47375,1dAmgq8Y
Eric,Jones,Chartered certified accountant,Clinical cytogeneticist,jeffrey26@example.net,Smithburgh,+1-928-469-9082x67769,92925,MMYW7ZGE
Megan,Parsons,Microbiologist,Interior and spatial designer,roy58@example.com,New Natalie,001-372-701-8223x27961,41743,2WermDac
Justin,Clark,Hospital pharmacist,Housing manager/officer,susan55@example.net,West Cindy,(393)409-1974,38655,ELSN4kd7
Melvin,Diaz,Research scientist (medical),"Therapist, sports",logan28@example.org,Williammouth,511-717-6462x7266,76436,Nv5elVx2
Elizabeth,Cooper,Sports therapist,Water quality scientist,cassandraryan@example.com,East Richardmouth,(454)341-7712,57859,0ov1tCMH
Calvin,Shaw,"Administrator, sports",Industrial buyer,bonillatimothy@example.org,East Nathanborough,2216314929,48702,XL7gt2eP
Julia,Jones,"Pharmacist, community",Theatre stage manager,priscilla75@example.org,South Carrieside,7773747742,37076,zJsP20DZ
Michaela,Castillo,Electrical engineer,"Pilot, airline",shorttodd@example.com,New Kevinland,+1-525-479-0416,68674,lKHxV7i3
James,Jackson,"Social research officer, government",Furniture designer,hallmargaret@example.org,Robinsonberg,4844128252,44962,zmyeW7hE
Olivia,Smith,"Designer, fashion/clothing",Chiropodist,robin89@example.net,New Thomas,(472)399-4502x7992,7878,zJpuAjiP
Amanda,Olson,Trade union research officer,Optometrist,rrios@example.com,Lake Aaronchester,441-278-9520x890,63247,2LDSh5f4
Sheila,Moore,Armed forces logistics/support/administrative officer,"Therapist, occupational",evan88@example.net,Catherineshire,886.257.1776,58676,CYdVWuoI
Theresa,Singleton,"Engineer, petroleum",Politician's assistant,sandra36@example.net,Griffinchester,(710)487-6496x50809,42832,W0DimzQQ
Jeremy,Velasquez,Broadcast presenter,"Engineer, water",wcardenas@example.com,Jeremyfort,768-486-5062x1700,7305,xgda8oWX
Jennifer,Mann,"Nurse, children's",Higher education lecturer,annamiller@example.org,Whiteshire,377-343-6773x1118,3097,UrgiSy4l
Chelsey,Nelson,Local government officer,"Psychologist, sport and exercise",osmith@example.com,Odonnellborough,7008360678,65782,r0Gee2hp
Hannah,Daniels,"Administrator, Civil Service",Contractor,wayne85@example.net,Calderonmouth,(673)877-6564,39973,uU1BafN9
Michelle,Hale,Science writer,"Physicist, medical",franklinsarah@example.org,Lake John,001-789-461-0486x26413,46933,XqN6jGKy
Teresa,Webb,Dealer,"Therapist, speech and language",davistodd@example.com,New Thomas,+1-601-981-4089x775,47753,CSamQXFs
Michael,Meyers,Cytogeneticist,Exhibition designer,anthony03@example.com,Andrewshire,001-564-525-8204x94846,22581,J3ncs4UW
Justin,Nixon,Psychiatric nurse,Video editor,louis25@example.com,North Tina,938-731-2775,77897,SEgrkhFW
Christopher,Morales,Veterinary surgeon,"Designer, television/film set",smithsamuel@example.com,Hughesfurt,375.427.4873x25087,20678,VQtdFVuY
Ryan,Mcdonald,English as a second language teacher,Podiatrist,desireehaas@example.com,Danielville,(655)240-0832x55386,18274,UjmkBbZc
John,Hodges,Accommodation manager,"Scientist, forensic",alexandrayoung@example.com,West Mckenziefort,912.548.9720x5916,24730,d5QyhOOh
John,Yu,Industrial/product designer,Professor Emeritus,mccoyrodney@example.com,Lake Amanda,001-949-333-7611,67076,u2skE7q5
Brian,Torres,Magazine features editor,Prison officer,paynekevin@example.org,Jamesberg,914.513.0738,25195,0YQs9OmN
Cindy,Butler,Counselling psychologist,Musician,mthompson@example.net,Marshallbury,962.279.7280,83317,miT91bSL
Michael,Alvarez,Public librarian,Cytogeneticist,jameschan@example.net,New Katherine,(873)404-5272x751,18208,tUo0CzYZ
Jorge,Lopez,"Research officer, government",Health and safety adviser,thomaskristine@example.com,South Sierra,528-343-3288,5175,HjSRkMbu
Jessica,Owens,Economist,Management consultant,jennifer66@example.net,West Sean,296.980.3869x927,30063,iIxSHDnn
Melissa,Roberts,Occupational hygienist,"Conservator, museum/gallery",glorialeach@example.net,Melissaside,001-986-713-9238x47974,73979,5GnYJ5i0
Michael,Williams,Science writer,Fashion designer,mayodaniel@example.net,Port Angela,(730)691-9942,28029,F8BrG3lg
Patricia,Casey,"Geologist, wellsite","Doctor, hospital",jacquelinerussell@example.net,Smithborough,909-741-2160x38660,49465,aJ9v0GOB
Jennifer,Velasquez,Haematologist,Lobbyist,martha40@example.org,Baileyfurt,673-518-4453x540,90254,BMhSQ6A0
Cindy,Boyd,Mechanical engineer,Translator,abarnes@example.org,Mirandafort,+1-548-708-8146,89460,NWVfesjf
Edward,Stephens,"Scientist, research (life sciences)",Manufacturing engineer,howellisaac@example.com,North Brendachester,822-608-6293x988,11229,bv6mMRoH
Alexander,Rose,Tax inspector,Television floor manager,hicksjamie@example.net,Kimmouth,001-336-478-5753x84138,69761,Fif8ggE3
Mary,Moore,Building surveyor,Sports development officer,emontgomery@example.net,North Gabriellestad,(418)895-8531x810,64658,UoMnnDBP
Lance,Gardner,"Geologist, wellsite","Scientist, research (maths)",jennifermiller@example.net,North Pamela,+1-464-919-7931x244,97028,ahEMaIDb
Carol,Meyer,Ship broker,Emergency planning/management officer,denise82@example.net,Daveland,001-280-205-3036,62327,sjTDWXTo
Barbara,Brown,English as a second language teacher,Chiropodist,james15@example.com,Wiseburgh,3527147993,75482,DYC1jaMA
Lisa,Ferguson,Teaching laboratory technician,Cartographer,taylorcaldwell@example.com,New Donnafurt,(404)958-3624x069,4984,PM0FcRl0
Dave,Davis,"Engineer, control and instrumentation","Engineer, manufacturing systems",tpittman@example.net,Lindseystad,001-345-469-7430x795,31810,moGvESBR
